ID,Name,Role,Password,FirstLogin
A001,Sarah Lee,Administrator,113459eb7bb31bddee85ade5230d6ad5d8b2fb52879e00a84ff6ae1067a210d3,true
A101,William Green,Administrator,113459eb7bb31bddee85ade5230d6ad5d8b2fb52879e00a84ff6ae1067a210d3,true
A111,Tracy Lewis,Administrator,a299c1176be9527674c031fa58817ba0dbbb49d01a7a46f28c2ecbd726cfe4ed,false
A120,Daniel Cruz,Administrator,113459eb7bb31bddee85ade5230d6ad5d8b2fb52879e00a84ff6ae1067a210d3,true
A113,Terry Conner,Administrator,113459eb7bb31bddee85ade5230d6ad5d8b2fb52879e00a84ff6ae1067a210d3,true
A115,Jacob Smith,Administrator,113459eb7bb31bddee85ade5230d6ad5d8b2fb52879e00a84ff6ae1067a210d3,true
A116,Timothy Williams,Administrator,113459eb7bb31bddee85ade5230d6ad5d8b2fb52879e00a84ff6ae1067a210d3,true
D001,John Smith,Doctor,113459eb7bb31bddee85ade5230d6ad5d8b2fb52879e00a84ff6ae1067a210d3,true
D002,Emily Clarke,Doctor,113459eb7bb31bddee85ade5230d6ad5d8b2fb52879e00a84ff6ae1067a210d3,true
D107,Brandon Marshall,Doctor,113459eb7bb31bddee85ade5230d6ad5d8b2fb52879e00a84ff6ae1067a210d3,true
D112,Tiffany Watkins DDS,Doctor,113459eb7bb31bddee85ade5230d6ad5d8b2fb52879e00a84ff6ae1067a210d3,true
D118,Helen Hubbard,Doctor,113459eb7bb31bddee85ade5230d6ad5d8b2fb52879e00a84ff6ae1067a210d3,true
D119,Catherine Holland,Doctor,113459eb7bb31bddee85ade5230d6ad5d8b2fb52879e00a84ff6ae1067a210d3,true
D109,Todd Travis,Doctor,b1007e58f359bfffe1e5322fc470984e5d2cc031a935f101ada6d73e7cf683fc,false
D117,John Tran,Doctor,113459eb7bb31bddee85ade5230d6ad5d8b2fb52879e00a84ff6ae1067a210d3,true
P001,Mark Lee,Pharmacist,113459eb7bb31bddee85ade5230d6ad5d8b2fb52879e00a84ff6ae1067a210d3,true
P102,Maureen Robles,Pharmacist,c2fbb568fb26413026e7769d12098c1074f9f68d26c533337f19af83c347eaf2,false
P104,Theresa Wilson,Pharmacist,113459eb7bb31bddee85ade5230d6ad5d8b2fb52879e00a84ff6ae1067a210d3,true
P114,Elizabeth Holmes,Pharmacist,113459eb7bb31bddee85ade5230d6ad5d8b2fb52879e00a84ff6ae1067a210d3,true
P103,Gregory Dennis,Pharmacist,113459eb7bb31bddee85ade5230d6ad5d8b2fb52879e00a84ff6ae1067a210d3,true
P105,Matthew Graham,Pharmacist,113459eb7bb31bddee85ade5230d6ad5d8b2fb52879e00a84ff6ae1067a210d3,true
P106,Stephanie White,Pharmacist,113459eb7bb31bddee85ade5230d6ad5d8b2fb52879e00a84ff6ae1067a210d3,true
P108,Benjamin Hernandez,Pharmacist,113459eb7bb31bddee85ade5230d6ad5d8b2fb52879e00a84ff6ae1067a210d3,true
P110,Jeff Malone,Pharmacist,113459eb7bb31bddee85ade5230d6ad5d8b2fb52879e00a84ff6ae1067a210d3,true
P111,Jeff Malone,Pharmacist,113459eb7bb31bddee85ade5230d6ad5d8b2fb52879e00a84ff6ae1067a210d3,true
